<?xml version="1.0" encoding="UTF-8"?>
<project-private xmlns="http://www.netbeans.org/ns/project-private/1">
    <editor-bookmarks xmlns="http://www.netbeans.org/ns/editor-bookmarks/2" lastBookmarkId="0"/>
    <open-files xmlns="http://www.netbeans.org/ns/projectui-open-files/2">
        <group>
            <file>file:/C:/Users/educh/Desktop/PruebaSQL/src/pantallas/panaderoSucursal.java</file>
            <file>file:/C:/Users/educh/Desktop/PruebaSQL/src/pantallas/Tabla.java</file>
            <file>file:/C:/Users/educh/Desktop/PruebaSQL/src/pantallas/pedidosPanadero.java</file>
            <file>file:/C:/Users/educh/Desktop/PruebaSQL/src/pantallas/Interfaz.java</file>
            <file>file:/C:/Users/educh/Desktop/PruebaSQL/src/pantallas/Pedidos.java</file>
            <file>file:/C:/Users/educh/Desktop/PruebaSQL/src/pantallas/pedidosCliente.java</file>
            <file>file:/C:/Users/educh/Desktop/PruebaSQL/src/pantallas/pedidosPan.java</file>
        </group>
    </open-files>
</project-private>
